<?xml version="1.0" encoding="utf-8"?>
<ode><userPreferences><userPreference><key>theme</key><value>base</value></userPreference></userPreferences><odeResources><odeResource><key>odeVersionId</key><value>20251129173726YVUALP</value></odeResource><odeResource><key>odeId</key><value>20251127181421LPDBLP</value></odeResource><odeResource><key>odeVersionName</key><value>0</value></odeResource><odeResource><key>isDownload</key><value>true</value></odeResource></odeResources><odeProperties><odeProperty><key>pp_title</key><value>Let's Celebrate Amagüestu!</value></odeProperty><odeProperty><key>pp_lang</key><value>es</value></odeProperty><odeProperty><key>pp_author</key><value>Amparo RR</value></odeProperty><odeProperty><key>license</key><value>creative commons: attribution - share alike 4.0</value></odeProperty><odeProperty><key>pp_description</key><value>Let’s Celebrate Amagüestu!"

Nivel: 6º de Primaria – Área: Inglés
Nodo 1 – Welcome! 

👋 Welcome to our project!

This week we are going to learn about an Asturian tradition: El Amagüestu.
We will work in English to discover:

What is the Amagüestu?

When do we celebrate it?

What do we eat and drink?

What games do we play?

How is it similar to autumn festivals in other countries?

🎯 Our final products

You will create:
1️⃣ An interactive infographic in English about the Amagüestu.
2️⃣ A short musical video using the song “Let’s Celebrate Amagüestu!”

Your work will be evaluated with rubrics (you will see them in the Evaluation section).

 Nodo 2 – Session 1: What is the Amagüestu?

📽️ Watch this video

📖 Read and Learn

The Amagüestu is an autumn celebration in Asturias.
People eat roasted chestnuts, drink sweet cider, and enjoy traditional games.
It is linked to the apple harvest and the chestnut season.
We celebrate it in October or November.

❓ Think &amp; Answer

When do we celebrate the Amagüestu?

What are the most typical foods?

Why is it an autumn event?

What games do people usually play?

Nodo 3 – Session 2: Vocabulary &amp; Culture

🍁 Autumn Vocabulary

chestnut

apple

sweet cider

dry leaves

wind

brazier

games

children

Asturias

🎮 Interactive game in eXe

Use the “Adivinanza” or “Cloze” (rellenar huecos)
Ejemplo:

Cloze example:
The Amagüestu is celebrated in {Asturias}.
People drink {sweet cider} and eat {chestnuts}.

Nodo 4 – Session 3: Create Your Infographic

🖼️ Your Task

You will create an interactive infographic that includes:
✔ 5 images (chestnuts, apples, children, games, autumn)
✔ 1 short text in English
✔ 1 interactive element (button, link, pop-up)
✔ A creative title

🧰 Tools you can use

Canva (recommended)

Genially (interactive)

PowerPoint + links

📤 Where to submit it

Upload your infographic to Teams → Assignments → Amagüestu Infographic

 Nodo 5 – Session 4: Musical Video

🎶 Song: “Let’s Celebrate Amagüestu!”


🎥 Your Task

Create a short musical video (30–45 seconds) including:
✔ singing the chorus
✔ images of autumn
✔ movements or simple choreography
✔ subtitles in English

🔗 Interactive element

Add a clickable button at the end:
👉 “Learn more about the Amagüestu!”

Nodo 6 – Dictionary


chestnut → castaña
sweet cider → sidra dulce
brazier → brasero
harvest → cosecha
tradition → tradición
dry leaves → hojas secas
wind → viento
children → niños y niñas

 Nodo 7 – Activities &amp; Challenges


✔ Challenge 1: Vocabulary Quiz

✔ Challenge 2: Sort the pictures!

✔ Challenge 3: Match the games

 Nodo 8 – Evaluation

 What will be evaluated?

You will be assessed on:

your infographic (content, English, creativity, interactive element)

your musical video

participation and teamwork
Rubrics

Infographic Rubric (20 points)

Item	Excellent (5)	Good (4)	OK (3)	Needs help (1–2)
Content	Complete + correct	Mostly correct	Some errors	Many errors
English use	Clear + correct	Few mistakes	Several mistakes	Hard to understand
Design	Creative, organized	Clear	Basic	Not organized
Interactive element	Works perfectly	Works	Basic	Missing

Nodo 9 – Accessibility &amp; Inclusion (DUA)

✔ Texts read aloud
✔ Visual support (images, icons)
✔ Choice between 2 tools (Canva o Genially)
✔ Sentence starters in English (I like…, We celebrate…, It happens in…)
✔ Extra time for tasks

Nodo 10 – Attribution &amp; Download

Author: María de los Desamparados Rodríguez Ramón
License: CC BY-SA 4.0
Download this resource (.elp)
👉 (Aquí insertarás el enlace cuando exportes el archivo de eXe)</value></odeProperty><odeProperty><key>exportSource</key><value>true</value></odeProperty><odeProperty><key>pp_addExeLink</key><value>true</value></odeProperty><odeProperty><key>pp_exportElp</key><value>false</value></odeProperty><odeProperty><key>pp_addPagination</key><value>false</value></odeProperty><odeProperty><key>pp_addSearchBox</key><value>false</value></odeProperty><odeProperty><key>pp_addAccessibilityToolbar</key><value>false</value></odeProperty><odeProperty><key>pp_extraHeadContent</key><value/></odeProperty><odeProperty><key>footer</key><value/></odeProperty></odeProperties><odeNavStructures><odeNavStructure><odePageId>20251129173726ISNKXE</odePageId><odeParentPageId/><pageName>Página nueva</pageName><odeNavStructureOrder>1</odeNavStructureOrder><odeNavStructureProperties><odeNavStructureProperty><key>titleNode</key><value/></odeNavStructureProperty><odeNavStructureProperty><key>titleHtml</key><value/></odeNavStructureProperty><odeNavStructureProperty><key>editableInPage</key><value>false</value></odeNavStructureProperty><odeNavStructureProperty><key>titlePage</key><value>Página nueva</value></odeNavStructureProperty><odeNavStructureProperty><key>visibility</key><value>true</value></odeNavStructureProperty><odeNavStructureProperty><key>description</key><value/></odeNavStructureProperty></odeNavStructureProperties><odePagStructures><odePagStructure><odePageId>20251129173726ISNKXE</odePageId><odeBlockId>20251129173726RXATUJ</odeBlockId><blockName>Texto</blockName><iconName/><odePagStructureOrder>1</odePagStructureOrder><odePagStructureProperties><odePagStructureProperty><key>visibility</key><value>true</value></odePagStructureProperty><odePagStructureProperty><key>teacherOnly</key><value>false</value></odePagStructureProperty><odePagStructureProperty><key>allowToggle</key><value>true</value></odePagStructureProperty><odePagStructureProperty><key>minimized</key><value>false</value></odePagStructureProperty><odePagStructureProperty><key>identifier</key><value/></odePagStructureProperty><odePagStructureProperty><key>cssClass</key><value/></odePagStructureProperty></odePagStructureProperties><odeComponents><odeComponent><odePageId>20251129173726ISNKXE</odePageId><odeBlockId>20251129173726RXATUJ</odeBlockId><odeIdeviceId>202511271923150655QI</odeIdeviceId><odeIdeviceTypeName>text</odeIdeviceTypeName><htmlView>&lt;div class="exe-text-template"&gt;&lt;div class="textIdeviceContent"&gt;
            &lt;div class="exe-text-activity"&gt;
                &lt;div&gt;&lt;p&gt;&lt;h2&gt;Session 1 – Discovering the Tradition&lt;/h2&gt;&lt;/p&gt;
&lt;p&gt;&lt;p&gt;&lt;strong&gt;English text:&lt;/strong&gt; The &lt;em&gt;amagüestu&lt;/em&gt; is a traditional Asturian autumn celebration where communities roast chestnuts, drink sweet cider and play traditional games.&lt;/p&gt;&lt;/p&gt;
&lt;p&gt;&lt;p&gt;&lt;strong&gt;Vídeo:&lt;/strong&gt; Inserta aquí un vídeo (YouTube / local).&lt;/p&gt;&lt;/p&gt;
&lt;p&gt;&lt;p&gt;&lt;strong&gt;Actividad (Teams):&lt;/strong&gt; Answer the questions about the video.&lt;/p&gt;&lt;/p&gt;&lt;p class="clearfix"&gt;&lt;/p&gt;&lt;/div&gt;
            &lt;/div&gt;&lt;/div&gt;&lt;/div&gt;</htmlView><jsonProperties>{"ideviceId":"202511271923150655QI","textInfoDurationInput":"","textInfoDurationTextInput":"Duración","textInfoParticipantsInput":"","textInfoParticipantsTextInput":"Agrupamiento","textTextarea":"&lt;p&gt;&lt;h2&gt;Session 1 – Discovering the Tradition&lt;/h2&gt;&lt;/p&gt;\n&lt;p&gt;&lt;p&gt;&lt;strong&gt;English text:&lt;/strong&gt; The &lt;em&gt;amagüestu&lt;/em&gt; is a traditional Asturian autumn celebration where communities roast chestnuts, drink sweet cider and play traditional games.&lt;/p&gt;&lt;/p&gt;\n&lt;p&gt;&lt;p&gt;&lt;strong&gt;Vídeo:&lt;/strong&gt; Inserta aquí un vídeo (YouTube / local).&lt;/p&gt;&lt;/p&gt;\n&lt;p&gt;&lt;p&gt;&lt;strong&gt;Actividad (Teams):&lt;/strong&gt; Answer the questions about the video.&lt;/p&gt;&lt;/p&gt;","textFeedbackInput":"Mostrar retroalimentación","textFeedbackTextarea":""}</jsonProperties><odeComponentsOrder>1</odeComponentsOrder><odeComponentsProperties><odeComponentsProperty><key>visibility</key><value>true</value></odeComponentsProperty><odeComponentsProperty><key>teacherOnly</key><value>false</value></odeComponentsProperty><odeComponentsProperty><key>identifier</key><value/></odeComponentsProperty><odeComponentsProperty><key>cssClass</key><value/></odeComponentsProperty></odeComponentsProperties></odeComponent></odeComponents></odePagStructure></odePagStructures></odeNavStructure><odeNavStructure><odePageId>20251129173726MJTEDL</odePageId><odeParentPageId/><pageName>Amagüestu</pageName><odeNavStructureOrder>2</odeNavStructureOrder><odeNavStructureProperties><odeNavStructureProperty><key>titleNode</key><value/></odeNavStructureProperty><odeNavStructureProperty><key>titleHtml</key><value/></odeNavStructureProperty><odeNavStructureProperty><key>editableInPage</key><value>false</value></odeNavStructureProperty><odeNavStructureProperty><key>titlePage</key><value>Amagüestu</value></odeNavStructureProperty><odeNavStructureProperty><key>visibility</key><value>true</value></odeNavStructureProperty><odeNavStructureProperty><key>description</key><value/></odeNavStructureProperty></odeNavStructureProperties><odePagStructures><odePagStructure><odePageId>20251129173726MJTEDL</odePageId><odeBlockId>20251129173726PJPEBI</odeBlockId><blockName>Texto</blockName><iconName/><odePagStructureOrder>1</odePagStructureOrder><odePagStructureProperties><odePagStructureProperty><key>visibility</key><value>true</value></odePagStructureProperty><odePagStructureProperty><key>teacherOnly</key><value>false</value></odePagStructureProperty><odePagStructureProperty><key>allowToggle</key><value>true</value></odePagStructureProperty><odePagStructureProperty><key>minimized</key><value>false</value></odePagStructureProperty><odePagStructureProperty><key>identifier</key><value/></odePagStructureProperty><odePagStructureProperty><key>cssClass</key><value/></odePagStructureProperty></odePagStructureProperties><odeComponents><odeComponent><odePageId>20251129173726MJTEDL</odePageId><odeBlockId>20251129173726PJPEBI</odeBlockId><odeIdeviceId>20251129183640493VDZ</odeIdeviceId><odeIdeviceTypeName>text</odeIdeviceTypeName><htmlView>&lt;div class="exe-text-template"&gt;&lt;div class="textIdeviceContent"&gt;
            &lt;div class="exe-text-activity"&gt;
                &lt;div&gt;&lt;p&gt;holaaaa a todoooooosssssssssssssssssssssssssssssssssssssssssssssssssssss!!!!!!!!!!!!!!!!!!!!!!!!!!!!!!!!!!!!!!!!!!!!&lt;/p&gt;&lt;p class="clearfix"&gt;&lt;/p&gt;&lt;/div&gt;
            &lt;/div&gt;&lt;/div&gt;&lt;/div&gt;</htmlView><jsonProperties>{"ideviceId":"20251129183640493VDZ","textInfoDurationInput":"","textInfoDurationTextInput":"Duración","textInfoParticipantsInput":"","textInfoParticipantsTextInput":"Agrupamiento","textTextarea":"&lt;p&gt;holaaaa a todoooooosssssssssssssssssssssssssssssssssssssssssssssssssssss!!!!!!!!!!!!!!!!!!!!!!!!!!!!!!!!!!!!!!!!!!!!&lt;/p&gt;","textFeedbackInput":"Mostrar retroalimentación","textFeedbackTextarea":""}</jsonProperties><odeComponentsOrder>1</odeComponentsOrder><odeComponentsProperties><odeComponentsProperty><key>visibility</key><value>true</value></odeComponentsProperty><odeComponentsProperty><key>teacherOnly</key><value>false</value></odeComponentsProperty><odeComponentsProperty><key>identifier</key><value/></odeComponentsProperty><odeComponentsProperty><key>cssClass</key><value/></odeComponentsProperty></odeComponentsProperties></odeComponent></odeComponents></odePagStructure></odePagStructures></odeNavStructure></odeNavStructures></ode>
