<?xml version="1.0" encoding="utf-8"?>
<ode><userPreferences><userPreference><key>theme</key><value>base</value></userPreference></userPreferences><odeResources><odeResource><key>odeVersionId</key><value>20251201172819TACSRD</value></odeResource><odeResource><key>odeId</key><value>20251127181421LPDBLP</value></odeResource><odeResource><key>odeVersionName</key><value>0</value></odeResource><odeResource><key>isDownload</key><value>true</value></odeResource></odeResources><odeProperties><odeProperty><key>pp_title</key><value>Let's Celebrate Amagüestu!</value></odeProperty><odeProperty><key>pp_lang</key><value>es</value></odeProperty><odeProperty><key>pp_author</key><value>Amparo RR</value></odeProperty><odeProperty><key>license</key><value>creative commons: attribution - share alike 4.0</value></odeProperty><odeProperty><key>pp_description</key><value>Let’s Celebrate Amagüestu!"

Nivel: 6º de Primaria – Área: Inglés
Nodo 1 – Welcome! 

👋 Welcome to our project!

This week we are going to learn about an Asturian tradition: El Amagüestu.
We will work in English to discover:

What is the Amagüestu?

When do we celebrate it?

What do we eat and drink?

What games do we play?

How is it similar to autumn festivals in other countries?

🎯 Our final products

You will create:
1️⃣ An interactive infographic in English about the Amagüestu.
2️⃣ A short musical video using the song “Let’s Celebrate Amagüestu!”

Your work will be evaluated with rubrics (you will see them in the Evaluation section).

 Nodo 2 – Session 1: What is the Amagüestu?

📽️ Watch this video

📖 Read and Learn

The Amagüestu is an autumn celebration in Asturias.
People eat roasted chestnuts, drink sweet cider, and enjoy traditional games.
It is linked to the apple harvest and the chestnut season.
We celebrate it in October or November.

❓ Think &amp; Answer

When do we celebrate the Amagüestu?

What are the most typical foods?

Why is it an autumn event?

What games do people usually play?

Nodo 3 – Session 2: Vocabulary &amp; Culture

🍁 Autumn Vocabulary

chestnut

apple

sweet cider

dry leaves

wind

brazier

games

children

Asturias

🎮 Interactive game in eXe

Use the “Adivinanza” or “Cloze” (rellenar huecos)
Ejemplo:

Cloze example:
The Amagüestu is celebrated in {Asturias}.
People drink {sweet cider} and eat {chestnuts}.

Nodo 4 – Session 3: Create Your Infographic

🖼️ Your Task

You will create an interactive infographic that includes:
✔ 5 images (chestnuts, apples, children, games, autumn)
✔ 1 short text in English
✔ 1 interactive element (button, link, pop-up)
✔ A creative title

🧰 Tools you can use

Canva (recommended)

Genially (interactive)

PowerPoint + links

📤 Where to submit it

Upload your infographic to Teams → Assignments → Amagüestu Infographic

 Nodo 5 – Session 4: Musical Video

🎶 Song: “Let’s Celebrate Amagüestu!”


🎥 Your Task

Create a short musical video (30–45 seconds) including:
✔ singing the chorus
✔ images of autumn
✔ movements or simple choreography
✔ subtitles in English

🔗 Interactive element

Add a clickable button at the end:
👉 “Learn more about the Amagüestu!”

Nodo 6 – Dictionary


chestnut → castaña
sweet cider → sidra dulce
brazier → brasero
harvest → cosecha
tradition → tradición
dry leaves → hojas secas
wind → viento
children → niños y niñas

 Nodo 7 – Activities &amp; Challenges


✔ Challenge 1: Vocabulary Quiz

✔ Challenge 2: Sort the pictures!

✔ Challenge 3: Match the games

 Nodo 8 – Evaluation

 What will be evaluated?

You will be assessed on:

your infographic (content, English, creativity, interactive element)

your musical video

participation and teamwork
Rubrics

Infographic Rubric (20 points)

Item	Excellent (5)	Good (4)	OK (3)	Needs help (1–2)
Content	Complete + correct	Mostly correct	Some errors	Many errors
English use	Clear + correct	Few mistakes	Several mistakes	Hard to understand
Design	Creative, organized	Clear	Basic	Not organized
Interactive element	Works perfectly	Works	Basic	Missing

Nodo 9 – Accessibility &amp; Inclusion (DUA)

✔ Texts read aloud
✔ Visual support (images, icons)
✔ Choice between 2 tools (Canva o Genially)
✔ Sentence starters in English (I like…, We celebrate…, It happens in…)
✔ Extra time for tasks

Nodo 10 – Attribution &amp; Download

Author: María de los Desamparados Rodríguez Ramón
License: CC BY-SA 4.0
Download this resource (.elp)
👉 (Aquí insertarás el enlace cuando exportes el archivo de eXe)</value></odeProperty><odeProperty><key>exportSource</key><value>true</value></odeProperty><odeProperty><key>pp_addExeLink</key><value>true</value></odeProperty><odeProperty><key>pp_exportElp</key><value>true</value></odeProperty><odeProperty><key>pp_addPagination</key><value>false</value></odeProperty><odeProperty><key>pp_addSearchBox</key><value>false</value></odeProperty><odeProperty><key>pp_addAccessibilityToolbar</key><value>false</value></odeProperty><odeProperty><key>pp_extraHeadContent</key><value/></odeProperty><odeProperty><key>footer</key><value/></odeProperty></odeProperties><odeNavStructures><odeNavStructure><odePageId>20251201172819SHPMYX</odePageId><odeParentPageId/><pageName>CONCRECIÓN CURRICULAR DE LA SdA: “Let’s Celebrate Amagüestu!”</pageName><odeNavStructureOrder>1</odeNavStructureOrder><odeNavStructureProperties><odeNavStructureProperty><key>titleNode</key><value>CONCRECIÓN CURRICULAR DE LA SdA: “Let’s Celebrate Amagüestu!”</value></odeNavStructureProperty><odeNavStructureProperty><key>titleHtml</key><value/></odeNavStructureProperty><odeNavStructureProperty><key>editableInPage</key><value>false</value></odeNavStructureProperty><odeNavStructureProperty><key>titlePage</key><value>CONCRECIÓN CURRICULAR DE LA SdA: “Let’s Celebrate Amagüestu!”</value></odeNavStructureProperty><odeNavStructureProperty><key>visibility</key><value>true</value></odeNavStructureProperty><odeNavStructureProperty><key>description</key><value/></odeNavStructureProperty></odeNavStructureProperties><odePagStructures><odePagStructure><odePageId>20251201172819SHPMYX</odePageId><odeBlockId>20251201172819HWHGTL</odeBlockId><blockName>Texto</blockName><iconName/><odePagStructureOrder>1</odePagStructureOrder><odePagStructureProperties><odePagStructureProperty><key>visibility</key><value>true</value></odePagStructureProperty><odePagStructureProperty><key>teacherOnly</key><value>false</value></odePagStructureProperty><odePagStructureProperty><key>allowToggle</key><value>true</value></odePagStructureProperty><odePagStructureProperty><key>minimized</key><value>false</value></odePagStructureProperty><odePagStructureProperty><key>identifier</key><value/></odePagStructureProperty><odePagStructureProperty><key>cssClass</key><value/></odePagStructureProperty></odePagStructureProperties><odeComponents><odeComponent><odePageId>20251201172819SHPMYX</odePageId><odeBlockId>20251201172819HWHGTL</odeBlockId><odeIdeviceId>202512011805556342BA</odeIdeviceId><odeIdeviceTypeName>text</odeIdeviceTypeName><htmlView>&lt;div class="exe-text-template"&gt;&lt;div class="textIdeviceContent"&gt;
            &lt;div class="exe-text-activity"&gt;
                &lt;div&gt;&lt;p&gt;CONCRECIÓN CURRICULAR DE LA SdA: “Let’s Celebrate Amagüestu!”&lt;/p&gt;
&lt;p&gt;&amp;nbsp;Nodo principal: Descripción de la Situación de Aprendizaje&lt;/p&gt;
&lt;p&gt;Etapa educativa y nivel:&lt;br&gt;Educación Primaria – 6º curso&lt;/p&gt;
&lt;p&gt;Área:&lt;br&gt;Inglés&lt;/p&gt;
&lt;p&gt;Título de la SdA:&lt;br&gt;Let’s Celebrate Amagüestu!&lt;/p&gt;
&lt;p&gt;Descripción:&lt;br&gt;Esta situación de aprendizaje se desarrolla en torno a la celebración tradicional asturiana del Amagüestu. A través del inglés, el alumnado descubrirá aspectos culturales de Asturias y los comparará con tradiciones de otoño de otros países, fomentando el respeto, la identidad cultural y la competencia comunicativa.&lt;/p&gt;
&lt;p&gt;Áreas, materias y/o módulos implicados&lt;br&gt;Aunque la situación de aprendizaje se desarrolla principalmente desde el área de Lengua Extranjera: Inglés, incorpora de manera integrada contenidos y competencias de otras áreas para enriquecer el aprendizaje y favorecer la interdisciplinariedad:&lt;/p&gt;
&lt;p&gt;1. Lengua Extranjera – Inglés (área principal)&lt;br&gt;· &amp;nbsp; &amp;nbsp; &amp;nbsp; &amp;nbsp;Vocabulario y expresiones relacionadas con celebraciones culturales.&lt;/p&gt;
&lt;p&gt;· &amp;nbsp; &amp;nbsp; &amp;nbsp; &amp;nbsp;Comprensión y producción oral y escrita.&lt;/p&gt;
&lt;p&gt;· &amp;nbsp; &amp;nbsp; &amp;nbsp; &amp;nbsp;Elaboración de una canción en inglés y de una infografía digital.&lt;/p&gt;
&lt;p&gt;2. Ciencias Sociales&lt;br&gt;· &amp;nbsp; &amp;nbsp; &amp;nbsp; &amp;nbsp;Estudio de tradiciones y patrimonio cultural de Asturias.&lt;/p&gt;
&lt;p&gt;· &amp;nbsp; &amp;nbsp; &amp;nbsp; &amp;nbsp;Relación entre el Amagüestu y actividades agrarias (castañas, manzanas, sidra).&lt;/p&gt;
&lt;p&gt;· &amp;nbsp; &amp;nbsp; &amp;nbsp; &amp;nbsp;Comparación con otras celebraciones de otoño en el mundo.&lt;/p&gt;
&lt;p&gt;3. Educación Artística (Música y Plástica)&lt;br&gt;· &amp;nbsp; &amp;nbsp; &amp;nbsp; &amp;nbsp;Creación y puesta en escena de una canción sencilla en inglés.&lt;/p&gt;
&lt;p&gt;· &amp;nbsp; &amp;nbsp; &amp;nbsp; &amp;nbsp;Diseño visual de la infografía digital.&lt;/p&gt;
&lt;p&gt;· &amp;nbsp; &amp;nbsp; &amp;nbsp; &amp;nbsp;Uso expresivo de imágenes, iconos y elementos gráficos.&lt;/p&gt;
&lt;p&gt;4. Área de Educación Física (de manera contextual)&lt;br&gt;· &amp;nbsp; &amp;nbsp; &amp;nbsp; &amp;nbsp;Juegos tradicionales del Amagüestu, adaptados y nombrados en inglés.&lt;/p&gt;
&lt;p&gt;· &amp;nbsp; &amp;nbsp; &amp;nbsp; &amp;nbsp;Actividades motrices en el patio relacionadas con la celebración.&lt;/p&gt;
&lt;p&gt;5. Competencia Digital / Uso de TIC (transversal)&lt;br&gt;· &amp;nbsp; &amp;nbsp; &amp;nbsp; &amp;nbsp;Uso de herramientas digitales: Canva, Genially, PowerPoint, Teams, OneDrive.&lt;/p&gt;
&lt;p&gt;· &amp;nbsp; &amp;nbsp; &amp;nbsp; &amp;nbsp;Integración segura y responsable de tecnologías en el aula.&lt;/p&gt;
&lt;p&gt;&amp;nbsp;&lt;/p&gt;
&lt;p&gt;Agrupamientos y organización espacial:&lt;/p&gt;
&lt;p&gt;Gran grupo (introducción cultural y actividades orales)&lt;br&gt;Grupos cooperativos (tareas y productos finales)&lt;br&gt;Trabajo individual (reflexión y autoevaluación)&lt;br&gt;La organización espacial se adapta a las necesidades de la tarea, promoviendo la flexibilidad y la participación activa según los principios del DUA. Se utilizarán diferentes espacios y distribuciones para facilitar los distintos momentos del aprendizaje:&lt;/p&gt;
&lt;p&gt;1. Aula ordinaria&lt;br&gt;· &amp;nbsp; &amp;nbsp; &amp;nbsp; &amp;nbsp;Explicación inicial sobre el Amagüestu y su contexto cultural.&lt;/p&gt;
&lt;p&gt;· &amp;nbsp; &amp;nbsp; &amp;nbsp; &amp;nbsp;Actividades de comprensión oral y escrita en inglés.&lt;/p&gt;
&lt;p&gt;· &amp;nbsp; &amp;nbsp; &amp;nbsp; &amp;nbsp;Creación cooperativa de la infografía y del guion del vídeo.&lt;/p&gt;
&lt;p&gt;· &amp;nbsp; &amp;nbsp; &amp;nbsp; &amp;nbsp;Trabajo en pequeños grupos o parejas.&lt;/p&gt;
&lt;p&gt;2. Espacios flexibles del centro&lt;br&gt;· &amp;nbsp; &amp;nbsp; &amp;nbsp; &amp;nbsp;Biblioteca o aula TIC: búsqueda de información, edición digital de la infografía, grabación del audio o videoclip.&lt;/p&gt;
&lt;p&gt;· &amp;nbsp; &amp;nbsp; &amp;nbsp; &amp;nbsp;Rincones del aula: organización por estaciones de trabajo para atender diferentes ritmos.&lt;/p&gt;
&lt;p&gt;3. Espacios exteriores del centro&lt;br&gt;· &amp;nbsp; &amp;nbsp; &amp;nbsp; &amp;nbsp;Patio o zona ajardinada:&lt;/p&gt;
&lt;p&gt;o &amp;nbsp; observación del entorno otoñal (hojas secas, viento, materiales naturales),&lt;/p&gt;
&lt;p&gt;o &amp;nbsp; realización de juegos tradicionales en inglés,&lt;/p&gt;
&lt;p&gt;o &amp;nbsp; grabación de fragmentos del vídeo final.&lt;/p&gt;
&lt;p&gt;4. Organización del alumnado&lt;br&gt;· &amp;nbsp; &amp;nbsp; &amp;nbsp; &amp;nbsp;Gran grupo: introducción cultural, visionado de materiales audiovisuales, puesta en común.&lt;/p&gt;
&lt;p&gt;· &amp;nbsp; &amp;nbsp; &amp;nbsp; &amp;nbsp;Grupos cooperativos heterogéneos: creación de productos digitales, tareas de investigación, dramatización.&lt;/p&gt;
&lt;p&gt;· &amp;nbsp; &amp;nbsp; &amp;nbsp; &amp;nbsp;Parejas: actividades de apoyo, lectura conjunta y práctica oral.&lt;/p&gt;
&lt;p&gt;· &amp;nbsp; &amp;nbsp; &amp;nbsp; &amp;nbsp;Trabajo individual: reflexión, autoevaluación y pequeñas tareas escritas.&lt;/p&gt;
&lt;p&gt;&amp;nbsp;&lt;/p&gt;
&lt;p&gt;Temporalización:&lt;/p&gt;
&lt;p&gt;4 sesiones de 60 minutos.&lt;/p&gt;
&lt;p&gt;Productos finales:&lt;/p&gt;
&lt;p&gt;Infografía interactiva en inglés sobre el Amagüestu.&lt;br&gt;Vídeo musical en inglés con una canción original (“Let’s Celebrate Amagüestu!”).&lt;br&gt;Herramientas tecnológicas:&lt;/p&gt;
&lt;p&gt;Canva / Genially (infografía)&lt;br&gt;PowerPoint / Clipchamp (vídeo)&lt;br&gt;Teams y OneDrive (entrega y almacenamiento)&lt;br&gt;TokApp (comunicación con familias)&lt;br&gt;YouTube (recurso de apoyo cultural)&lt;br&gt;&amp;nbsp;&lt;br&gt;Nodo 1: Intención educativa&lt;/p&gt;
&lt;p&gt;Justificación:&lt;br&gt;Se pretende acercar al alumnado a la cultura asturiana desde el área de lengua extranjera, reforzando el orgullo de pertenencia y la apertura intercultural. Además, se desarrollan las competencias comunicativas, digitales y sociales.&lt;/p&gt;
&lt;p&gt;1. Intención Educativa&lt;br&gt;Justificación e impacto esperado&lt;br&gt;La situación de aprendizaje “Let’s Celebrate Amagüestu” pretende que el alumnado conozca, valore y comunique en lengua inglesa una tradición cultural asturiana, desarrollando competencias lingüísticas, digitales, sociales y culturales. A través de actividades cooperativas, uso creativo de herramientas digitales y la comparación con celebraciones de otoño de otros países, se fomenta el pensamiento crítico, la identidad cultural y la apertura intercultural.&lt;/p&gt;
&lt;p&gt;El impacto esperado es que el alumnado:&lt;/p&gt;
&lt;p&gt;· &amp;nbsp; &amp;nbsp; &amp;nbsp; &amp;nbsp;mejore su competencia comunicativa en inglés en contextos reales y significativos,&lt;/p&gt;
&lt;p&gt;· &amp;nbsp; &amp;nbsp; &amp;nbsp; &amp;nbsp;valore la riqueza cultural de Asturias,&lt;/p&gt;
&lt;p&gt;· &amp;nbsp; &amp;nbsp; &amp;nbsp; &amp;nbsp;desarrolle actitudes de respeto hacia otras culturas,&lt;/p&gt;
&lt;p&gt;· &amp;nbsp; &amp;nbsp; &amp;nbsp; &amp;nbsp;use herramientas digitales con sentido, seguridad y creatividad,&lt;/p&gt;
&lt;p&gt;· &amp;nbsp; &amp;nbsp; &amp;nbsp; &amp;nbsp;trabaje de forma cooperativa y participativa.&lt;/p&gt;
&lt;p&gt;&amp;nbsp;&lt;/p&gt;
&lt;p&gt;&amp;nbsp;Relación con los retos del siglo XXI&lt;br&gt;Esta SdA se vincula directamente con varios retos educativos, sociales y tecnológicos que caracterizan el siglo XXI:&lt;/p&gt;
&lt;p&gt;1. Diversidad cultural y convivencia&lt;br&gt;El mundo actual exige valorar la identidad propia y respetar la diversidad cultural. Conocer el Amagüestu en inglés y compararlo con otras celebraciones estacionales promueve la ciudadanía global y la convivencia.&lt;/p&gt;
&lt;p&gt;2. Competencia digital y alfabetización mediática&lt;br&gt;El alumnado utiliza herramientas como Canva, Genially, PowerPoint, Teams o OneDrive, desarrollando pensamiento crítico digital, creatividad y un uso responsable de la tecnología.&lt;/p&gt;
&lt;p&gt;3. Comunicación en entornos globales&lt;br&gt;La lengua inglesa es clave para interactuar en un mundo interconectado. Producir textos orales y escritos sobre tradiciones reales favorece competencias comunicativas auténticas.&lt;/p&gt;
&lt;p&gt;4. Pensamiento crítico y aprendizaje significativo&lt;br&gt;Analizar la tradición del Amagüestu, su origen, su valor cultural y su comparación con otras festividades desarrolla la capacidad de interpretar, reflexionar y construir conocimiento propio.&lt;/p&gt;
&lt;p&gt;5. Sostenibilidad y conexión con el entorno&lt;br&gt;El Amagüestu es una celebración ligada al otoño, a la cosecha y al uso responsable de productos naturales como la castaña y la manzana. Esto refuerza la conciencia ecológica y el valor de los recursos locales.&lt;/p&gt;
&lt;p&gt;6. Trabajo cooperativo y habilidades sociales&lt;br&gt;Al trabajar en equipos para elaborar la infografía o el vídeo, el alumnado desarrolla habilidades esenciales como la escucha activa, la negociación, la organización de tareas y la responsabilidad compartida.&lt;/p&gt;
&lt;p&gt;7. Identidad local y ciudadanía global&lt;br&gt;Conectar una tradición asturiana con el aprendizaje de una lengua extranjera ayuda al alumnado a comprender quiénes son, de dónde vienen y cómo pueden comunicarse con el mundo.&lt;/p&gt;
&lt;p&gt;&amp;nbsp;&lt;/p&gt;
&lt;p&gt;Relación con los ODS y retos del siglo XXI:&lt;/p&gt;
&lt;p&gt;ODS 4: Educación de calidad.&lt;br&gt;ODS 10: Reducción de desigualdades (diversidad cultural y lingüística).&lt;br&gt;ODS 11: Ciudades y comunidades sostenibles (valorización del patrimonio cultural).&lt;br&gt;&amp;nbsp;Nodo 2: Elementos curriculares&lt;/p&gt;
&lt;p&gt;&amp;nbsp;RELACIÓN ENTRE COMPETENCIAS CLAVE Y DESCRIPTORES OPERATIVOS / PERFIL DE SALIDA&lt;/p&gt;
&lt;p&gt;1. Competencia en Comunicación Lingüística (CCL)&lt;br&gt;· &amp;nbsp; &amp;nbsp; &amp;nbsp; &amp;nbsp;Descriptores operativos:&lt;/p&gt;
&lt;p&gt;o &amp;nbsp; “Expresa mensajes orales y escritos de manera clara y coherente en diferentes contextos.”&lt;/p&gt;
&lt;p&gt;o &amp;nbsp; “Comprende información relevante en textos orales y audiovisuales.”&lt;/p&gt;
&lt;p&gt;· &amp;nbsp; &amp;nbsp; &amp;nbsp; &amp;nbsp;Perfil de salida:&lt;/p&gt;
&lt;p&gt;o &amp;nbsp; El alumnado comunica ideas, tradiciones y experiencias sobre su entorno cultural en lengua inglesa.&lt;/p&gt;
&lt;p&gt;&amp;nbsp;&lt;/p&gt;
&lt;p&gt;2. Competencia Digital (CD)&lt;br&gt;· &amp;nbsp; &amp;nbsp; &amp;nbsp; &amp;nbsp;Descriptores operativos:&lt;/p&gt;
&lt;p&gt;o &amp;nbsp; “Utiliza herramientas digitales para crear contenidos multimedia.”&lt;/p&gt;
&lt;p&gt;o &amp;nbsp; “Gestiona información de forma crítica y segura.”&lt;/p&gt;
&lt;p&gt;· &amp;nbsp; &amp;nbsp; &amp;nbsp; &amp;nbsp;Perfil de salida:&lt;/p&gt;
&lt;p&gt;o &amp;nbsp; El alumnado crea productos interactivos (infografía y vídeo), empleando de manera responsable las TIC.&lt;/p&gt;
&lt;p&gt;&amp;nbsp;&lt;/p&gt;
&lt;p&gt;3. Competencia Personal, Social y de Aprender a Aprender (CPSAA)&lt;br&gt;· &amp;nbsp; &amp;nbsp; &amp;nbsp; &amp;nbsp;Descriptores operativos:&lt;/p&gt;
&lt;p&gt;o &amp;nbsp; “Trabaja cooperativamente, asumiendo responsabilidades.”&lt;/p&gt;
&lt;p&gt;o &amp;nbsp; “Reflexiona sobre su proceso de aprendizaje.”&lt;/p&gt;
&lt;p&gt;· &amp;nbsp; &amp;nbsp; &amp;nbsp; &amp;nbsp;Perfil de salida:&lt;/p&gt;
&lt;p&gt;o &amp;nbsp; El alumnado participa activamente en el proyecto, colabora en el grupo y evalúa su producción.&lt;/p&gt;
&lt;p&gt;4. Competencia Ciudadana (CC)&lt;br&gt;· &amp;nbsp; &amp;nbsp; &amp;nbsp; &amp;nbsp;Descriptores operativos:&lt;/p&gt;
&lt;p&gt;o &amp;nbsp; “Muestra respeto por la diversidad cultural y el entorno.”&lt;/p&gt;
&lt;p&gt;o &amp;nbsp; “Valora las tradiciones y la identidad local.”&lt;/p&gt;
&lt;p&gt;· &amp;nbsp; &amp;nbsp; &amp;nbsp; &amp;nbsp;Perfil de salida:&lt;/p&gt;
&lt;p&gt;o &amp;nbsp; El alumnado comprende el valor cultural del Amagüestu y lo comunica en lengua inglesa.&lt;/p&gt;
&lt;p&gt;5. Competencia Emprendedora (CE)&lt;br&gt;· &amp;nbsp; &amp;nbsp; &amp;nbsp; &amp;nbsp;Descriptores operativos:&lt;/p&gt;
&lt;p&gt;o &amp;nbsp; “Genera ideas creativas para resolver retos y producir materiales originales.”&lt;/p&gt;
&lt;p&gt;· &amp;nbsp; &amp;nbsp; &amp;nbsp; &amp;nbsp;Perfil de salida:&lt;/p&gt;
&lt;p&gt;o &amp;nbsp; El alumnado diseña productos digitales propios (infografía, vídeo musical).&lt;/p&gt;
&lt;p&gt;6. Competencia en Conciencia y Expresión Cultural (CCEC)&lt;br&gt;· &amp;nbsp; &amp;nbsp; &amp;nbsp; &amp;nbsp;Descriptores operativos:&lt;/p&gt;
&lt;p&gt;o &amp;nbsp; “Participa en actividades culturales expresando ideas de manera creativa.”&lt;/p&gt;
&lt;p&gt;o &amp;nbsp; “Comprende manifestaciones culturales del entorno.”&lt;/p&gt;
&lt;p&gt;· &amp;nbsp; &amp;nbsp; &amp;nbsp; &amp;nbsp;Perfil de salida:&lt;/p&gt;
&lt;p&gt;o &amp;nbsp; El alumnado usa el inglés para explicar, representar y celebrar una tradición asturiana.&lt;/p&gt;
&lt;p&gt;Competencias específicas del área de Inglés (LOMLOE):&lt;/p&gt;
&lt;p&gt;CE1: Comprender el sentido general de textos orales y escritos sobre temas próximos a su experiencia.&lt;br&gt;CE2: Producir textos orales y escritos breves, coherentes y adecuados al contexto.&lt;br&gt;CE3: Valorar la lengua extranjera como medio de comunicación y conocimiento cultural.&lt;br&gt;Saberes básicos:&lt;/p&gt;
&lt;p&gt;Vocabulario: autumn, chestnut, apple, sweet cider, wind, dry leaves, children, brazier.&lt;br&gt;Gramática: present simple, imperatives, connectors (and, but, because).&lt;br&gt;Funciones comunicativas: describing traditions, expressing likes, celebrating events.&lt;br&gt;Aspectos socioculturales: Asturian traditions, seasonal festivals, local identity.&lt;br&gt;Criterios de evaluación: Relación entre Competencias Específicas y Criterios de Evaluación (Inglés – LOMLOE – 6.º Primaria)&lt;br&gt;&amp;nbsp;CE1. Comprender mensajes orales, escritos y multimodales&lt;br&gt;✔ Criterios vinculados:&lt;br&gt;· &amp;nbsp; &amp;nbsp; &amp;nbsp; &amp;nbsp;CE1.1. Identificar ideas principales y detalles relevantes en textos orales breves sobre temas cotidianos.&lt;/p&gt;
&lt;p&gt;· &amp;nbsp; &amp;nbsp; &amp;nbsp; &amp;nbsp;CE1.2. Comprender textos escritos sencillos, con apoyo de imágenes o contexto.&lt;/p&gt;
&lt;p&gt;· &amp;nbsp; &amp;nbsp; &amp;nbsp; &amp;nbsp;CE1.3. Extraer información específica en textos orales y escritos relacionados con su entorno, intereses o experiencias.&lt;/p&gt;
&lt;p&gt;&amp;nbsp;&lt;/p&gt;
&lt;p&gt;&amp;nbsp;CE2. Producir textos orales y escritos sencillos con finalidad comunicativa&lt;br&gt;✔ Criterios vinculados:&lt;br&gt;· &amp;nbsp; &amp;nbsp; &amp;nbsp; &amp;nbsp;CE2.1. Producir textos orales breves y guiados utilizando estructuras básicas y vocabulario conocido.&lt;/p&gt;
&lt;p&gt;· &amp;nbsp; &amp;nbsp; &amp;nbsp; &amp;nbsp;CE2.2. Escribir textos breves (descripciones, instrucciones, recetas, listas…) con organización sencilla.&lt;/p&gt;
&lt;p&gt;· &amp;nbsp; &amp;nbsp; &amp;nbsp; &amp;nbsp;CE2.3. Utilizar conectores elementales (first, next, then, finally) para estructurar el discurso.&lt;/p&gt;
&lt;p&gt;&amp;nbsp;CE3. Interactuar oralmente de manera guiada en situaciones cotidianas&lt;br&gt;✔ Criterios vinculados:&lt;br&gt;· &amp;nbsp; &amp;nbsp; &amp;nbsp; &amp;nbsp;CE3.1. Participar en interacciones breves (preguntas/respuestas, diálogos guiados).&lt;/p&gt;
&lt;p&gt;· &amp;nbsp; &amp;nbsp; &amp;nbsp; &amp;nbsp;CE3.2. Utilizar estrategias básicas de comunicación: pedir repetición, señalar, gesticular.&lt;/p&gt;
&lt;p&gt;· &amp;nbsp; &amp;nbsp; &amp;nbsp; &amp;nbsp;CE3.3. Pronunciar de forma comprensible y adecuada al contexto comunicativo.&lt;/p&gt;
&lt;p&gt;&amp;nbsp;&lt;/p&gt;
&lt;p&gt;&amp;nbsp;CE4. Mediación lingüística: transmitir información de un texto o mensaje&lt;br&gt;✔ Criterios vinculados:&lt;br&gt;· &amp;nbsp; &amp;nbsp; &amp;nbsp; &amp;nbsp;CE4.1. Transmitir información relevante de un texto oral o escrito en otro formato o lengua mediante apoyos.&lt;/p&gt;
&lt;p&gt;· &amp;nbsp; &amp;nbsp; &amp;nbsp; &amp;nbsp;CE4.2. Explicar brevemente en inglés aspectos culturales propios (por ejemplo, el Amagüestu).&lt;/p&gt;
&lt;p&gt;&amp;nbsp;&lt;/p&gt;
&lt;p&gt;CE5. Usar la lengua como herramienta para conocer otras culturas y reflexionar sobre la propia&lt;br&gt;✔ Criterios vinculados:&lt;br&gt;· &amp;nbsp; &amp;nbsp; &amp;nbsp; &amp;nbsp;CE5.1. Reconocer semejanzas y diferencias entre costumbres y celebraciones propias y anglosajonas.&lt;/p&gt;
&lt;p&gt;· &amp;nbsp; &amp;nbsp; &amp;nbsp; &amp;nbsp;CE5.2. Mostrar respeto hacia la diversidad cultural y lingüística en el aula y el mundo.&lt;/p&gt;
&lt;p&gt;· &amp;nbsp; &amp;nbsp; &amp;nbsp; &amp;nbsp;CE5.3. Reflexionar sobre tradiciones propias (como el amagüestu) y expresarlas en inglés.&lt;/p&gt;
&lt;p&gt;&amp;nbsp;&lt;/p&gt;
&lt;p&gt;&amp;nbsp;CE6. Utilizar estrategias compensatorias, digitales y de aprendizaje autónomo&lt;br&gt;✔ Criterios vinculados:&lt;br&gt;· &amp;nbsp; &amp;nbsp; &amp;nbsp; &amp;nbsp;CE6.1. Utilizar recursos digitales básicos para buscar imágenes, vocabulario o modelos lingüísticos.&lt;/p&gt;
&lt;p&gt;· &amp;nbsp; &amp;nbsp; &amp;nbsp; &amp;nbsp;CE6.2. Aplicar estrategias de autoevaluación y coevaluación en producciones orales y escritas.&lt;/p&gt;
&lt;p&gt;· &amp;nbsp; &amp;nbsp; &amp;nbsp; &amp;nbsp;CE6.3. Revisar y mejorar sus producciones con ayuda de pautas, rúbricas o herramientas TIC.&lt;/p&gt;
&lt;p&gt;&amp;nbsp;&lt;/p&gt;
&lt;p&gt;&amp;nbsp;Nodo 3: Metodologías activas&lt;/p&gt;
&lt;p&gt;Aprendizaje Basado en Proyectos (ABP).&lt;br&gt;Aprendizaje cooperativo.&lt;br&gt;Diseño Universal para el Aprendizaje (DUA).&lt;br&gt;Gamificación (juegos tradicionales en inglés).&lt;br&gt;&amp;nbsp;&lt;br&gt;&amp;nbsp;Nodo 4: Vinculación con los proyectos del centro&lt;/p&gt;
&lt;p&gt;PLEI: desarrollo de la competencia lingüística y plurilingüe.&lt;br&gt;PAD: impulso de la competencia digital del alumnado.&lt;br&gt;PDC: fomento de la cultura asturiana y la participación social.&lt;br&gt;&amp;nbsp;&lt;br&gt;Nodo 5: Actividades complementarias&lt;/p&gt;
&lt;p&gt;Taller de degustación de castañas y sidra dulce (con autorización familiar).&lt;br&gt;Juego tradicional “La castaña caliente” adaptado en inglés.&lt;br&gt;Exposición final con las infografías y el vídeo musical del grupo.&lt;br&gt;&amp;nbsp;&lt;br&gt;Nodo 6: Atribución y fichero descargable&lt;/p&gt;
&lt;p&gt;Autoría: María de los Desamparados Rodríguez Ramón&lt;br&gt;Licencia: Creative Commons Reconocimiento – Compartir Igual 4.0 Internacional (CC BY-SA 4.0)&lt;br&gt;Descarga: [Enlace al fichero .elp y web exportada]&lt;/p&gt;
&lt;p&gt;&lt;br&gt;&lt;/p&gt;
&lt;p&gt;&amp;nbsp;&lt;/p&gt;
&lt;p&gt;&amp;nbsp;&lt;/p&gt;&lt;p class="clearfix"&gt;&lt;/p&gt;&lt;/div&gt;
            &lt;/div&gt;&lt;/div&gt;&lt;/div&gt;</htmlView><jsonProperties>{"ideviceId":"202512011805556342BA","textInfoDurationInput":"","textInfoDurationTextInput":"Duración","textInfoParticipantsInput":"","textInfoParticipantsTextInput":"Agrupamiento","textTextarea":"&lt;p&gt;CONCRECIÓN CURRICULAR DE LA SdA: “Let’s Celebrate Amagüestu!”&lt;/p&gt;\n&lt;p&gt; Nodo principal: Descripción de la Situación de Aprendizaje&lt;/p&gt;\n&lt;p&gt;Etapa educativa y nivel:&lt;br /&gt;Educación Primaria – 6º curso&lt;/p&gt;\n&lt;p&gt;Área:&lt;br /&gt;Inglés&lt;/p&gt;\n&lt;p&gt;Título de la SdA:&lt;br /&gt;Let’s Celebrate Amagüestu!&lt;/p&gt;\n&lt;p&gt;Descripción:&lt;br /&gt;Esta situación de aprendizaje se desarrolla en torno a la celebración tradicional asturiana del Amagüestu. A través del inglés, el alumnado descubrirá aspectos culturales de Asturias y los comparará con tradiciones de otoño de otros países, fomentando el respeto, la identidad cultural y la competencia comunicativa.&lt;/p&gt;\n&lt;p&gt;Áreas, materias y/o módulos implicados&lt;br /&gt;Aunque la situación de aprendizaje se desarrolla principalmente desde el área de Lengua Extranjera: Inglés, incorpora de manera integrada contenidos y competencias de otras áreas para enriquecer el aprendizaje y favorecer la interdisciplinariedad:&lt;/p&gt;\n&lt;p&gt;1. Lengua Extranjera – Inglés (área principal)&lt;br /&gt;·        Vocabulario y expresiones relacionadas con celebraciones culturales.&lt;/p&gt;\n&lt;p&gt;·        Comprensión y producción oral y escrita.&lt;/p&gt;\n&lt;p&gt;·        Elaboración de una canción en inglés y de una infografía digital.&lt;/p&gt;\n&lt;p&gt;2. Ciencias Sociales&lt;br /&gt;·        Estudio de tradiciones y patrimonio cultural de Asturias.&lt;/p&gt;\n&lt;p&gt;·        Relación entre el Amagüestu y actividades agrarias (castañas, manzanas, sidra).&lt;/p&gt;\n&lt;p&gt;·        Comparación con otras celebraciones de otoño en el mundo.&lt;/p&gt;\n&lt;p&gt;3. Educación Artística (Música y Plástica)&lt;br /&gt;·        Creación y puesta en escena de una canción sencilla en inglés.&lt;/p&gt;\n&lt;p&gt;·        Diseño visual de la infografía digital.&lt;/p&gt;\n&lt;p&gt;·        Uso expresivo de imágenes, iconos y elementos gráficos.&lt;/p&gt;\n&lt;p&gt;4. Área de Educación Física (de manera contextual)&lt;br /&gt;·        Juegos tradicionales del Amagüestu, adaptados y nombrados en inglés.&lt;/p&gt;\n&lt;p&gt;·        Actividades motrices en el patio relacionadas con la celebración.&lt;/p&gt;\n&lt;p&gt;5. Competencia Digital / Uso de TIC (transversal)&lt;br /&gt;·        Uso de herramientas digitales: Canva, Genially, PowerPoint, Teams, OneDrive.&lt;/p&gt;\n&lt;p&gt;·        Integración segura y responsable de tecnologías en el aula.&lt;/p&gt;\n&lt;p&gt; &lt;/p&gt;\n&lt;p&gt;Agrupamientos y organización espacial:&lt;/p&gt;\n&lt;p&gt;Gran grupo (introducción cultural y actividades orales)&lt;br /&gt;Grupos cooperativos (tareas y productos finales)&lt;br /&gt;Trabajo individual (reflexión y autoevaluación)&lt;br /&gt;La organización espacial se adapta a las necesidades de la tarea, promoviendo la flexibilidad y la participación activa según los principios del DUA. Se utilizarán diferentes espacios y distribuciones para facilitar los distintos momentos del aprendizaje:&lt;/p&gt;\n&lt;p&gt;1. Aula ordinaria&lt;br /&gt;·        Explicación inicial sobre el Amagüestu y su contexto cultural.&lt;/p&gt;\n&lt;p&gt;·        Actividades de comprensión oral y escrita en inglés.&lt;/p&gt;\n&lt;p&gt;·        Creación cooperativa de la infografía y del guion del vídeo.&lt;/p&gt;\n&lt;p&gt;·        Trabajo en pequeños grupos o parejas.&lt;/p&gt;\n&lt;p&gt;2. Espacios flexibles del centro&lt;br /&gt;·        Biblioteca o aula TIC: búsqueda de información, edición digital de la infografía, grabación del audio o videoclip.&lt;/p&gt;\n&lt;p&gt;·        Rincones del aula: organización por estaciones de trabajo para atender diferentes ritmos.&lt;/p&gt;\n&lt;p&gt;3. Espacios exteriores del centro&lt;br /&gt;·        Patio o zona ajardinada:&lt;/p&gt;\n&lt;p&gt;o   observación del entorno otoñal (hojas secas, viento, materiales naturales),&lt;/p&gt;\n&lt;p&gt;o   realización de juegos tradicionales en inglés,&lt;/p&gt;\n&lt;p&gt;o   grabación de fragmentos del vídeo final.&lt;/p&gt;\n&lt;p&gt;4. Organización del alumnado&lt;br /&gt;·        Gran grupo: introducción cultural, visionado de materiales audiovisuales, puesta en común.&lt;/p&gt;\n&lt;p&gt;·        Grupos cooperativos heterogéneos: creación de productos digitales, tareas de investigación, dramatización.&lt;/p&gt;\n&lt;p&gt;·        Parejas: actividades de apoyo, lectura conjunta y práctica oral.&lt;/p&gt;\n&lt;p&gt;·        Trabajo individual: reflexión, autoevaluación y pequeñas tareas escritas.&lt;/p&gt;\n&lt;p&gt; &lt;/p&gt;\n&lt;p&gt;Temporalización:&lt;/p&gt;\n&lt;p&gt;4 sesiones de 60 minutos.&lt;/p&gt;\n&lt;p&gt;Productos finales:&lt;/p&gt;\n&lt;p&gt;Infografía interactiva en inglés sobre el Amagüestu.&lt;br /&gt;Vídeo musical en inglés con una canción original (“Let’s Celebrate Amagüestu!”).&lt;br /&gt;Herramientas tecnológicas:&lt;/p&gt;\n&lt;p&gt;Canva / Genially (infografía)&lt;br /&gt;PowerPoint / Clipchamp (vídeo)&lt;br /&gt;Teams y OneDrive (entrega y almacenamiento)&lt;br /&gt;TokApp (comunicación con familias)&lt;br /&gt;YouTube (recurso de apoyo cultural)&lt;br /&gt; &lt;br /&gt;Nodo 1: Intención educativa&lt;/p&gt;\n&lt;p&gt;Justificación:&lt;br /&gt;Se pretende acercar al alumnado a la cultura asturiana desde el área de lengua extranjera, reforzando el orgullo de pertenencia y la apertura intercultural. Además, se desarrollan las competencias comunicativas, digitales y sociales.&lt;/p&gt;\n&lt;p&gt;1. Intención Educativa&lt;br /&gt;Justificación e impacto esperado&lt;br /&gt;La situación de aprendizaje “Let’s Celebrate Amagüestu” pretende que el alumnado conozca, valore y comunique en lengua inglesa una tradición cultural asturiana, desarrollando competencias lingüísticas, digitales, sociales y culturales. A través de actividades cooperativas, uso creativo de herramientas digitales y la comparación con celebraciones de otoño de otros países, se fomenta el pensamiento crítico, la identidad cultural y la apertura intercultural.&lt;/p&gt;\n&lt;p&gt;El impacto esperado es que el alumnado:&lt;/p&gt;\n&lt;p&gt;·        mejore su competencia comunicativa en inglés en contextos reales y significativos,&lt;/p&gt;\n&lt;p&gt;·        valore la riqueza cultural de Asturias,&lt;/p&gt;\n&lt;p&gt;·        desarrolle actitudes de respeto hacia otras culturas,&lt;/p&gt;\n&lt;p&gt;·        use herramientas digitales con sentido, seguridad y creatividad,&lt;/p&gt;\n&lt;p&gt;·        trabaje de forma cooperativa y participativa.&lt;/p&gt;\n&lt;p&gt; &lt;/p&gt;\n&lt;p&gt; Relación con los retos del siglo XXI&lt;br /&gt;Esta SdA se vincula directamente con varios retos educativos, sociales y tecnológicos que caracterizan el siglo XXI:&lt;/p&gt;\n&lt;p&gt;1. Diversidad cultural y convivencia&lt;br /&gt;El mundo actual exige valorar la identidad propia y respetar la diversidad cultural. Conocer el Amagüestu en inglés y compararlo con otras celebraciones estacionales promueve la ciudadanía global y la convivencia.&lt;/p&gt;\n&lt;p&gt;2. Competencia digital y alfabetización mediática&lt;br /&gt;El alumnado utiliza herramientas como Canva, Genially, PowerPoint, Teams o OneDrive, desarrollando pensamiento crítico digital, creatividad y un uso responsable de la tecnología.&lt;/p&gt;\n&lt;p&gt;3. Comunicación en entornos globales&lt;br /&gt;La lengua inglesa es clave para interactuar en un mundo interconectado. Producir textos orales y escritos sobre tradiciones reales favorece competencias comunicativas auténticas.&lt;/p&gt;\n&lt;p&gt;4. Pensamiento crítico y aprendizaje significativo&lt;br /&gt;Analizar la tradición del Amagüestu, su origen, su valor cultural y su comparación con otras festividades desarrolla la capacidad de interpretar, reflexionar y construir conocimiento propio.&lt;/p&gt;\n&lt;p&gt;5. Sostenibilidad y conexión con el entorno&lt;br /&gt;El Amagüestu es una celebración ligada al otoño, a la cosecha y al uso responsable de productos naturales como la castaña y la manzana. Esto refuerza la conciencia ecológica y el valor de los recursos locales.&lt;/p&gt;\n&lt;p&gt;6. Trabajo cooperativo y habilidades sociales&lt;br /&gt;Al trabajar en equipos para elaborar la infografía o el vídeo, el alumnado desarrolla habilidades esenciales como la escucha activa, la negociación, la organización de tareas y la responsabilidad compartida.&lt;/p&gt;\n&lt;p&gt;7. Identidad local y ciudadanía global&lt;br /&gt;Conectar una tradición asturiana con el aprendizaje de una lengua extranjera ayuda al alumnado a comprender quiénes son, de dónde vienen y cómo pueden comunicarse con el mundo.&lt;/p&gt;\n&lt;p&gt; &lt;/p&gt;\n&lt;p&gt;Relación con los ODS y retos del siglo XXI:&lt;/p&gt;\n&lt;p&gt;ODS 4: Educación de calidad.&lt;br /&gt;ODS 10: Reducción de desigualdades (diversidad cultural y lingüística).&lt;br /&gt;ODS 11: Ciudades y comunidades sostenibles (valorización del patrimonio cultural).&lt;br /&gt; Nodo 2: Elementos curriculares&lt;/p&gt;\n&lt;p&gt; RELACIÓN ENTRE COMPETENCIAS CLAVE Y DESCRIPTORES OPERATIVOS / PERFIL DE SALIDA&lt;/p&gt;\n&lt;p&gt;1. Competencia en Comunicación Lingüística (CCL)&lt;br /&gt;·        Descriptores operativos:&lt;/p&gt;\n&lt;p&gt;o   “Expresa mensajes orales y escritos de manera clara y coherente en diferentes contextos.”&lt;/p&gt;\n&lt;p&gt;o   “Comprende información relevante en textos orales y audiovisuales.”&lt;/p&gt;\n&lt;p&gt;·        Perfil de salida:&lt;/p&gt;\n&lt;p&gt;o   El alumnado comunica ideas, tradiciones y experiencias sobre su entorno cultural en lengua inglesa.&lt;/p&gt;\n&lt;p&gt; &lt;/p&gt;\n&lt;p&gt;2. Competencia Digital (CD)&lt;br /&gt;·        Descriptores operativos:&lt;/p&gt;\n&lt;p&gt;o   “Utiliza herramientas digitales para crear contenidos multimedia.”&lt;/p&gt;\n&lt;p&gt;o   “Gestiona información de forma crítica y segura.”&lt;/p&gt;\n&lt;p&gt;·        Perfil de salida:&lt;/p&gt;\n&lt;p&gt;o   El alumnado crea productos interactivos (infografía y vídeo), empleando de manera responsable las TIC.&lt;/p&gt;\n&lt;p&gt; &lt;/p&gt;\n&lt;p&gt;3. Competencia Personal, Social y de Aprender a Aprender (CPSAA)&lt;br /&gt;·        Descriptores operativos:&lt;/p&gt;\n&lt;p&gt;o   “Trabaja cooperativamente, asumiendo responsabilidades.”&lt;/p&gt;\n&lt;p&gt;o   “Reflexiona sobre su proceso de aprendizaje.”&lt;/p&gt;\n&lt;p&gt;·        Perfil de salida:&lt;/p&gt;\n&lt;p&gt;o   El alumnado participa activamente en el proyecto, colabora en el grupo y evalúa su producción.&lt;/p&gt;\n&lt;p&gt;4. Competencia Ciudadana (CC)&lt;br /&gt;·        Descriptores operativos:&lt;/p&gt;\n&lt;p&gt;o   “Muestra respeto por la diversidad cultural y el entorno.”&lt;/p&gt;\n&lt;p&gt;o   “Valora las tradiciones y la identidad local.”&lt;/p&gt;\n&lt;p&gt;·        Perfil de salida:&lt;/p&gt;\n&lt;p&gt;o   El alumnado comprende el valor cultural del Amagüestu y lo comunica en lengua inglesa.&lt;/p&gt;\n&lt;p&gt;5. Competencia Emprendedora (CE)&lt;br /&gt;·        Descriptores operativos:&lt;/p&gt;\n&lt;p&gt;o   “Genera ideas creativas para resolver retos y producir materiales originales.”&lt;/p&gt;\n&lt;p&gt;·        Perfil de salida:&lt;/p&gt;\n&lt;p&gt;o   El alumnado diseña productos digitales propios (infografía, vídeo musical).&lt;/p&gt;\n&lt;p&gt;6. Competencia en Conciencia y Expresión Cultural (CCEC)&lt;br /&gt;·        Descriptores operativos:&lt;/p&gt;\n&lt;p&gt;o   “Participa en actividades culturales expresando ideas de manera creativa.”&lt;/p&gt;\n&lt;p&gt;o   “Comprende manifestaciones culturales del entorno.”&lt;/p&gt;\n&lt;p&gt;·        Perfil de salida:&lt;/p&gt;\n&lt;p&gt;o   El alumnado usa el inglés para explicar, representar y celebrar una tradición asturiana.&lt;/p&gt;\n&lt;p&gt;Competencias específicas del área de Inglés (LOMLOE):&lt;/p&gt;\n&lt;p&gt;CE1: Comprender el sentido general de textos orales y escritos sobre temas próximos a su experiencia.&lt;br /&gt;CE2: Producir textos orales y escritos breves, coherentes y adecuados al contexto.&lt;br /&gt;CE3: Valorar la lengua extranjera como medio de comunicación y conocimiento cultural.&lt;br /&gt;Saberes básicos:&lt;/p&gt;\n&lt;p&gt;Vocabulario: autumn, chestnut, apple, sweet cider, wind, dry leaves, children, brazier.&lt;br /&gt;Gramática: present simple, imperatives, connectors (and, but, because).&lt;br /&gt;Funciones comunicativas: describing traditions, expressing likes, celebrating events.&lt;br /&gt;Aspectos socioculturales: Asturian traditions, seasonal festivals, local identity.&lt;br /&gt;Criterios de evaluación: Relación entre Competencias Específicas y Criterios de Evaluación (Inglés – LOMLOE – 6.º Primaria)&lt;br /&gt; CE1. Comprender mensajes orales, escritos y multimodales&lt;br /&gt;✔ Criterios vinculados:&lt;br /&gt;·        CE1.1. Identificar ideas principales y detalles relevantes en textos orales breves sobre temas cotidianos.&lt;/p&gt;\n&lt;p&gt;·        CE1.2. Comprender textos escritos sencillos, con apoyo de imágenes o contexto.&lt;/p&gt;\n&lt;p&gt;·        CE1.3. Extraer información específica en textos orales y escritos relacionados con su entorno, intereses o experiencias.&lt;/p&gt;\n&lt;p&gt; &lt;/p&gt;\n&lt;p&gt; CE2. Producir textos orales y escritos sencillos con finalidad comunicativa&lt;br /&gt;✔ Criterios vinculados:&lt;br /&gt;·        CE2.1. Producir textos orales breves y guiados utilizando estructuras básicas y vocabulario conocido.&lt;/p&gt;\n&lt;p&gt;·        CE2.2. Escribir textos breves (descripciones, instrucciones, recetas, listas…) con organización sencilla.&lt;/p&gt;\n&lt;p&gt;·        CE2.3. Utilizar conectores elementales (first, next, then, finally) para estructurar el discurso.&lt;/p&gt;\n&lt;p&gt; CE3. Interactuar oralmente de manera guiada en situaciones cotidianas&lt;br /&gt;✔ Criterios vinculados:&lt;br /&gt;·        CE3.1. Participar en interacciones breves (preguntas/respuestas, diálogos guiados).&lt;/p&gt;\n&lt;p&gt;·        CE3.2. Utilizar estrategias básicas de comunicación: pedir repetición, señalar, gesticular.&lt;/p&gt;\n&lt;p&gt;·        CE3.3. Pronunciar de forma comprensible y adecuada al contexto comunicativo.&lt;/p&gt;\n&lt;p&gt; &lt;/p&gt;\n&lt;p&gt; CE4. Mediación lingüística: transmitir información de un texto o mensaje&lt;br /&gt;✔ Criterios vinculados:&lt;br /&gt;·        CE4.1. Transmitir información relevante de un texto oral o escrito en otro formato o lengua mediante apoyos.&lt;/p&gt;\n&lt;p&gt;·        CE4.2. Explicar brevemente en inglés aspectos culturales propios (por ejemplo, el Amagüestu).&lt;/p&gt;\n&lt;p&gt; &lt;/p&gt;\n&lt;p&gt;CE5. Usar la lengua como herramienta para conocer otras culturas y reflexionar sobre la propia&lt;br /&gt;✔ Criterios vinculados:&lt;br /&gt;·        CE5.1. Reconocer semejanzas y diferencias entre costumbres y celebraciones propias y anglosajonas.&lt;/p&gt;\n&lt;p&gt;·        CE5.2. Mostrar respeto hacia la diversidad cultural y lingüística en el aula y el mundo.&lt;/p&gt;\n&lt;p&gt;·        CE5.3. Reflexionar sobre tradiciones propias (como el amagüestu) y expresarlas en inglés.&lt;/p&gt;\n&lt;p&gt; &lt;/p&gt;\n&lt;p&gt; CE6. Utilizar estrategias compensatorias, digitales y de aprendizaje autónomo&lt;br /&gt;✔ Criterios vinculados:&lt;br /&gt;·        CE6.1. Utilizar recursos digitales básicos para buscar imágenes, vocabulario o modelos lingüísticos.&lt;/p&gt;\n&lt;p&gt;·        CE6.2. Aplicar estrategias de autoevaluación y coevaluación en producciones orales y escritas.&lt;/p&gt;\n&lt;p&gt;·        CE6.3. Revisar y mejorar sus producciones con ayuda de pautas, rúbricas o herramientas TIC.&lt;/p&gt;\n&lt;p&gt; &lt;/p&gt;\n&lt;p&gt; Nodo 3: Metodologías activas&lt;/p&gt;\n&lt;p&gt;Aprendizaje Basado en Proyectos (ABP).&lt;br /&gt;Aprendizaje cooperativo.&lt;br /&gt;Diseño Universal para el Aprendizaje (DUA).&lt;br /&gt;Gamificación (juegos tradicionales en inglés).&lt;br /&gt; &lt;br /&gt; Nodo 4: Vinculación con los proyectos del centro&lt;/p&gt;\n&lt;p&gt;PLEI: desarrollo de la competencia lingüística y plurilingüe.&lt;br /&gt;PAD: impulso de la competencia digital del alumnado.&lt;br /&gt;PDC: fomento de la cultura asturiana y la participación social.&lt;br /&gt; &lt;br /&gt;Nodo 5: Actividades complementarias&lt;/p&gt;\n&lt;p&gt;Taller de degustación de castañas y sidra dulce (con autorización familiar).&lt;br /&gt;Juego tradicional “La castaña caliente” adaptado en inglés.&lt;br /&gt;Exposición final con las infografías y el vídeo musical del grupo.&lt;br /&gt; &lt;br /&gt;Nodo 6: Atribución y fichero descargable&lt;/p&gt;\n&lt;p&gt;Autoría: María de los Desamparados Rodríguez Ramón&lt;br /&gt;Licencia: Creative Commons Reconocimiento – Compartir Igual 4.0 Internacional (CC BY-SA 4.0)&lt;br /&gt;Descarga: [Enlace al fichero .elp y web exportada]&lt;/p&gt;\n&lt;p&gt;&lt;br /&gt;&lt;/p&gt;\n&lt;p&gt; &lt;/p&gt;\n&lt;p&gt; &lt;/p&gt;","textFeedbackInput":"Mostrar retroalimentación","textFeedbackTextarea":""}</jsonProperties><odeComponentsOrder>1</odeComponentsOrder><odeComponentsProperties><odeComponentsProperty><key>visibility</key><value>true</value></odeComponentsProperty><odeComponentsProperty><key>teacherOnly</key><value>false</value></odeComponentsProperty><odeComponentsProperty><key>identifier</key><value/></odeComponentsProperty><odeComponentsProperty><key>cssClass</key><value/></odeComponentsProperty></odeComponentsProperties></odeComponent></odeComponents></odePagStructure></odePagStructures></odeNavStructure><odeNavStructure><odePageId>20251201172819IFXMCD</odePageId><odeParentPageId>20251201172819SHPMYX</odeParentPageId><pageName>Propuesta para el alumnado</pageName><odeNavStructureOrder>1</odeNavStructureOrder><odeNavStructureProperties><odeNavStructureProperty><key>titleNode</key><value/></odeNavStructureProperty><odeNavStructureProperty><key>titleHtml</key><value/></odeNavStructureProperty><odeNavStructureProperty><key>editableInPage</key><value>false</value></odeNavStructureProperty><odeNavStructureProperty><key>titlePage</key><value>Propuesta para el alumnado</value></odeNavStructureProperty><odeNavStructureProperty><key>visibility</key><value>true</value></odeNavStructureProperty><odeNavStructureProperty><key>description</key><value/></odeNavStructureProperty></odeNavStructureProperties><odePagStructures><odePagStructure><odePageId>20251201172819IFXMCD</odePageId><odeBlockId>20251201172819RLUFAG</odeBlockId><blockName>Texto</blockName><iconName/><odePagStructureOrder>1</odePagStructureOrder><odePagStructureProperties><odePagStructureProperty><key>visibility</key><value>true</value></odePagStructureProperty><odePagStructureProperty><key>teacherOnly</key><value>false</value></odePagStructureProperty><odePagStructureProperty><key>allowToggle</key><value>true</value></odePagStructureProperty><odePagStructureProperty><key>minimized</key><value>false</value></odePagStructureProperty><odePagStructureProperty><key>identifier</key><value/></odePagStructureProperty><odePagStructureProperty><key>cssClass</key><value/></odePagStructureProperty></odePagStructureProperties><odeComponents><odeComponent><odePageId>20251201172819IFXMCD</odePageId><odeBlockId>20251201172819RLUFAG</odeBlockId><odeIdeviceId>20251201182545936LNB</odeIdeviceId><odeIdeviceTypeName>text</odeIdeviceTypeName><htmlView>&lt;div class="exe-text-template"&gt;&lt;div class="textIdeviceContent"&gt;
            &lt;div class="exe-text-activity"&gt;
                &lt;div&gt;&lt;p&gt;&lt;br&gt;&lt;/p&gt;
&lt;p&gt;"Let’s Celebrate Amagüestu!"&lt;br&gt;Nivel: 6º de Primaria – Área: Inglés&lt;/p&gt;
&lt;p&gt;&amp;nbsp;Nodo 1 – Welcome!&amp;nbsp;&lt;br&gt;Welcome to our project!&lt;br&gt;This week we are going to learn about an Asturian tradition: El Amagüestu.&lt;br&gt;We will work in English to discover:&lt;/p&gt;
&lt;p&gt;· &amp;nbsp; &amp;nbsp; &amp;nbsp; &amp;nbsp;What is the Amagüestu?&lt;/p&gt;
&lt;p&gt;· &amp;nbsp; &amp;nbsp; &amp;nbsp; &amp;nbsp;When do we celebrate it?&lt;/p&gt;
&lt;p&gt;· &amp;nbsp; &amp;nbsp; &amp;nbsp; &amp;nbsp;What do we eat and drink?&lt;/p&gt;
&lt;p&gt;· &amp;nbsp; &amp;nbsp; &amp;nbsp; &amp;nbsp;What games do we play?&lt;/p&gt;
&lt;p&gt;· &amp;nbsp; &amp;nbsp; &amp;nbsp; &amp;nbsp;How is it similar to autumn festivals in other countries?&lt;/p&gt;
&lt;p&gt;Our final products&lt;br&gt;You will create:&lt;br&gt;1️⃣ An interactive infographic in English about the Amagüestu.&lt;br&gt;2️⃣ A short musical video using the song “Let’s Celebrate Amagüestu!”&lt;/p&gt;
&lt;p&gt;Your work will be evaluated with rubrics (you will see them in the Evaluation section).&lt;/p&gt;
&lt;p&gt;&amp;nbsp;&lt;br&gt;&amp;nbsp;Nodo 2 – Session 1: What is the Amagüestu?&lt;br&gt;&amp;nbsp;Watch this video&lt;br&gt;&amp;nbsp;Read and Learn&lt;br&gt;The Amagüestu is an autumn celebration in Asturias.&lt;br&gt;People eat roasted chestnuts, drink sweet cider, and enjoy traditional games.&lt;br&gt;It is linked to the apple harvest and the chestnut season.&lt;br&gt;We celebrate it in October or November.&lt;/p&gt;
&lt;p&gt;❓ Think &amp; Answer&lt;br&gt;1. &amp;nbsp; &amp;nbsp; When do we celebrate the Amagüestu?&lt;/p&gt;
&lt;p&gt;2. &amp;nbsp; &amp;nbsp; What are the most typical foods?&lt;/p&gt;
&lt;p&gt;3. &amp;nbsp; &amp;nbsp; Why is it an autumn event?&lt;/p&gt;
&lt;p&gt;4. &amp;nbsp; &amp;nbsp; What games do people usually play?&lt;/p&gt;
&lt;p&gt;&amp;nbsp;&lt;br&gt;&amp;nbsp;Nodo 3 – Session 2: Vocabulary &amp; Culture&lt;br&gt;&amp;nbsp;Autumn Vocabulary&lt;br&gt;· &amp;nbsp; &amp;nbsp; &amp;nbsp; &amp;nbsp;chestnut&lt;/p&gt;
&lt;p&gt;· &amp;nbsp; &amp;nbsp; &amp;nbsp; &amp;nbsp;apple&lt;/p&gt;
&lt;p&gt;· &amp;nbsp; &amp;nbsp; &amp;nbsp; &amp;nbsp;sweet cider&lt;/p&gt;
&lt;p&gt;· &amp;nbsp; &amp;nbsp; &amp;nbsp; &amp;nbsp;dry leaves&lt;/p&gt;
&lt;p&gt;· &amp;nbsp; &amp;nbsp; &amp;nbsp; &amp;nbsp;wind&lt;/p&gt;
&lt;p&gt;· &amp;nbsp; &amp;nbsp; &amp;nbsp; &amp;nbsp;brazier&lt;/p&gt;
&lt;p&gt;· &amp;nbsp; &amp;nbsp; &amp;nbsp; &amp;nbsp;games&lt;/p&gt;
&lt;p&gt;· &amp;nbsp; &amp;nbsp; &amp;nbsp; &amp;nbsp;children&lt;/p&gt;
&lt;p&gt;· &amp;nbsp; &amp;nbsp; &amp;nbsp; &amp;nbsp;Asturias&lt;/p&gt;
&lt;p&gt;&amp;nbsp;Interactive game in eXe&lt;br&gt;Use the “Adivinanza” or “Cloze” (rellenar huecos)&lt;br&gt;Ejemplo:&lt;/p&gt;
&lt;p&gt;Cloze example:&lt;br&gt;The Amagüestu is celebrated in {Asturias}.&lt;br&gt;People drink {sweet cider} and eat {chestnuts}.&lt;/p&gt;
&lt;p&gt;&amp;nbsp;&lt;br&gt;Nodo 4 – Session 3: Create Your Infographic&lt;br&gt;&amp;nbsp;Your Task&lt;br&gt;You will create an interactive infographic that includes:&lt;br&gt;✔ 5 images (chestnuts, apples, children, games, autumn)&lt;br&gt;✔ 1 short text in English&lt;br&gt;✔ 1 interactive element (button, link, pop-up)&lt;br&gt;✔ A creative title&lt;/p&gt;
&lt;p&gt;&amp;nbsp;Tools you can use&lt;br&gt;· &amp;nbsp; &amp;nbsp; &amp;nbsp; &amp;nbsp;Canva (recommended)&lt;/p&gt;
&lt;p&gt;· &amp;nbsp; &amp;nbsp; &amp;nbsp; &amp;nbsp;Genially (interactive)&lt;/p&gt;
&lt;p&gt;· &amp;nbsp; &amp;nbsp; &amp;nbsp; &amp;nbsp;PowerPoint + links&lt;/p&gt;
&lt;p&gt;&amp;nbsp;Where to submit it&lt;br&gt;Upload your infographic to Teams → Assignments → Amagüestu Infographic&lt;/p&gt;
&lt;p&gt;&amp;nbsp;&lt;br&gt;&amp;nbsp;Nodo 5 – Session 4: Musical Video&lt;br&gt;Song: “Let’s Celebrate Amagüestu!”&lt;br&gt;&amp;nbsp;Your Task&lt;br&gt;Create a short musical video (30–45 seconds) including:&lt;br&gt;✔ singing the chorus&lt;br&gt;✔ images of autumn&lt;br&gt;✔ movements or simple choreography&lt;br&gt;✔ subtitles in English&lt;/p&gt;
&lt;p&gt;&amp;nbsp;Interactive element&lt;br&gt;Add a clickable button at the end:&lt;br&gt;&amp;nbsp;“Learn more about the Amagüestu!”&lt;/p&gt;
&lt;p&gt;&amp;nbsp;&lt;br&gt;&amp;nbsp;Nodo 6 – Dictionary&lt;br&gt;chestnut → castaña&lt;br&gt;sweet cider → sidra dulce&lt;br&gt;brazier → brasero&lt;br&gt;harvest → cosecha&lt;br&gt;tradition → tradición&lt;br&gt;dry leaves → hojas secas&lt;br&gt;wind → viento&lt;br&gt;children → niños y niñas&lt;/p&gt;
&lt;p&gt;&amp;nbsp;&lt;br&gt;&amp;nbsp;Nodo 7 – Activities &amp; Challenges&lt;br&gt;✔ Challenge 1: Vocabulary Quiz&lt;br&gt;✔ Challenge 2: Sort the pictures!&lt;br&gt;✔ Challenge 3: Match the games&lt;br&gt;&amp;nbsp;&lt;br&gt;Nodo 8 – Evaluation&lt;br&gt;&amp;nbsp;What will be evaluated?&lt;br&gt;You will be assessed on:&lt;/p&gt;
&lt;p&gt;· &amp;nbsp; &amp;nbsp; &amp;nbsp; &amp;nbsp;your infographic (content, English, creativity, interactive element)&lt;/p&gt;
&lt;p&gt;· &amp;nbsp; &amp;nbsp; &amp;nbsp; &amp;nbsp;your musical video&lt;/p&gt;
&lt;p&gt;· &amp;nbsp; &amp;nbsp; &amp;nbsp; &amp;nbsp;participation and teamwork&lt;/p&gt;
&lt;p&gt;&amp;nbsp;Rubrics&lt;br&gt;Infographic Rubric (20 points)&lt;/p&gt;
&lt;p&gt;Item&lt;br&gt;Excellent (5)&lt;br&gt;Good (4)&lt;br&gt;OK (3)&lt;br&gt;Needs help (1–2)&lt;br&gt;Content&lt;br&gt;Complete + correct&lt;br&gt;Mostly correct&lt;br&gt;Some errors&lt;br&gt;Many errors&lt;br&gt;English use&lt;br&gt;Clear + correct&lt;br&gt;Few mistakes&lt;br&gt;Several mistakes&lt;br&gt;Hard to understand&lt;br&gt;Design&lt;br&gt;Creative, organized&lt;br&gt;Clear&lt;br&gt;Basic&lt;br&gt;Not organized&lt;br&gt;Interactive element&lt;br&gt;Works perfectly&lt;br&gt;Works&lt;br&gt;Basic&lt;br&gt;Missing&lt;br&gt;&amp;nbsp;&lt;br&gt;Nodo 9 – Accessibility &amp; Inclusion (DUA)&lt;br&gt;✔ Texts read aloud&lt;br&gt;✔ Visual support (images, icons)&lt;br&gt;✔ Choice between 2 tools (Canva o Genially)&lt;br&gt;✔ Sentence starters in English (I like…, We celebrate…, It happens in…)&lt;br&gt;✔ Extra time for tasks&lt;/p&gt;
&lt;p&gt;&amp;nbsp;&lt;br&gt;&amp;nbsp;Nodo 10 – Attribution &amp; Download&lt;br&gt;Author: María de los Desamparados Rodríguez Ramón&lt;br&gt;License: CC BY-SA 4.0&lt;br&gt;Download this resource (.elp)&lt;/p&gt;&lt;p class="clearfix"&gt;&lt;/p&gt;&lt;/div&gt;
            &lt;/div&gt;&lt;/div&gt;&lt;/div&gt;</htmlView><jsonProperties>{"ideviceId":"20251201182545936LNB","textInfoDurationInput":"","textInfoDurationTextInput":"Duración","textInfoParticipantsInput":"","textInfoParticipantsTextInput":"Agrupamiento","textTextarea":"&lt;p&gt;&lt;br /&gt;&lt;/p&gt;\n&lt;p&gt;\"Let’s Celebrate Amagüestu!\"&lt;br /&gt;Nivel: 6º de Primaria – Área: Inglés&lt;/p&gt;\n&lt;p&gt; Nodo 1 – Welcome! &lt;br /&gt;Welcome to our project!&lt;br /&gt;This week we are going to learn about an Asturian tradition: El Amagüestu.&lt;br /&gt;We will work in English to discover:&lt;/p&gt;\n&lt;p&gt;·        What is the Amagüestu?&lt;/p&gt;\n&lt;p&gt;·        When do we celebrate it?&lt;/p&gt;\n&lt;p&gt;·        What do we eat and drink?&lt;/p&gt;\n&lt;p&gt;·        What games do we play?&lt;/p&gt;\n&lt;p&gt;·        How is it similar to autumn festivals in other countries?&lt;/p&gt;\n&lt;p&gt;Our final products&lt;br /&gt;You will create:&lt;br /&gt;1️⃣ An interactive infographic in English about the Amagüestu.&lt;br /&gt;2️⃣ A short musical video using the song “Let’s Celebrate Amagüestu!”&lt;/p&gt;\n&lt;p&gt;Your work will be evaluated with rubrics (you will see them in the Evaluation section).&lt;/p&gt;\n&lt;p&gt; &lt;br /&gt; Nodo 2 – Session 1: What is the Amagüestu?&lt;br /&gt; Watch this video&lt;br /&gt; Read and Learn&lt;br /&gt;The Amagüestu is an autumn celebration in Asturias.&lt;br /&gt;People eat roasted chestnuts, drink sweet cider, and enjoy traditional games.&lt;br /&gt;It is linked to the apple harvest and the chestnut season.&lt;br /&gt;We celebrate it in October or November.&lt;/p&gt;\n&lt;p&gt;❓ Think &amp; Answer&lt;br /&gt;1.     When do we celebrate the Amagüestu?&lt;/p&gt;\n&lt;p&gt;2.     What are the most typical foods?&lt;/p&gt;\n&lt;p&gt;3.     Why is it an autumn event?&lt;/p&gt;\n&lt;p&gt;4.     What games do people usually play?&lt;/p&gt;\n&lt;p&gt; &lt;br /&gt; Nodo 3 – Session 2: Vocabulary &amp; Culture&lt;br /&gt; Autumn Vocabulary&lt;br /&gt;·        chestnut&lt;/p&gt;\n&lt;p&gt;·        apple&lt;/p&gt;\n&lt;p&gt;·        sweet cider&lt;/p&gt;\n&lt;p&gt;·        dry leaves&lt;/p&gt;\n&lt;p&gt;·        wind&lt;/p&gt;\n&lt;p&gt;·        brazier&lt;/p&gt;\n&lt;p&gt;·        games&lt;/p&gt;\n&lt;p&gt;·        children&lt;/p&gt;\n&lt;p&gt;·        Asturias&lt;/p&gt;\n&lt;p&gt; Interactive game in eXe&lt;br /&gt;Use the “Adivinanza” or “Cloze” (rellenar huecos)&lt;br /&gt;Ejemplo:&lt;/p&gt;\n&lt;p&gt;Cloze example:&lt;br /&gt;The Amagüestu is celebrated in {Asturias}.&lt;br /&gt;People drink {sweet cider} and eat {chestnuts}.&lt;/p&gt;\n&lt;p&gt; &lt;br /&gt;Nodo 4 – Session 3: Create Your Infographic&lt;br /&gt; Your Task&lt;br /&gt;You will create an interactive infographic that includes:&lt;br /&gt;✔ 5 images (chestnuts, apples, children, games, autumn)&lt;br /&gt;✔ 1 short text in English&lt;br /&gt;✔ 1 interactive element (button, link, pop-up)&lt;br /&gt;✔ A creative title&lt;/p&gt;\n&lt;p&gt; Tools you can use&lt;br /&gt;·        Canva (recommended)&lt;/p&gt;\n&lt;p&gt;·        Genially (interactive)&lt;/p&gt;\n&lt;p&gt;·        PowerPoint + links&lt;/p&gt;\n&lt;p&gt; Where to submit it&lt;br /&gt;Upload your infographic to Teams → Assignments → Amagüestu Infographic&lt;/p&gt;\n&lt;p&gt; &lt;br /&gt; Nodo 5 – Session 4: Musical Video&lt;br /&gt;Song: “Let’s Celebrate Amagüestu!”&lt;br /&gt; Your Task&lt;br /&gt;Create a short musical video (30–45 seconds) including:&lt;br /&gt;✔ singing the chorus&lt;br /&gt;✔ images of autumn&lt;br /&gt;✔ movements or simple choreography&lt;br /&gt;✔ subtitles in English&lt;/p&gt;\n&lt;p&gt; Interactive element&lt;br /&gt;Add a clickable button at the end:&lt;br /&gt; “Learn more about the Amagüestu!”&lt;/p&gt;\n&lt;p&gt; &lt;br /&gt; Nodo 6 – Dictionary&lt;br /&gt;chestnut → castaña&lt;br /&gt;sweet cider → sidra dulce&lt;br /&gt;brazier → brasero&lt;br /&gt;harvest → cosecha&lt;br /&gt;tradition → tradición&lt;br /&gt;dry leaves → hojas secas&lt;br /&gt;wind → viento&lt;br /&gt;children → niños y niñas&lt;/p&gt;\n&lt;p&gt; &lt;br /&gt; Nodo 7 – Activities &amp; Challenges&lt;br /&gt;✔ Challenge 1: Vocabulary Quiz&lt;br /&gt;✔ Challenge 2: Sort the pictures!&lt;br /&gt;✔ Challenge 3: Match the games&lt;br /&gt; &lt;br /&gt;Nodo 8 – Evaluation&lt;br /&gt; What will be evaluated?&lt;br /&gt;You will be assessed on:&lt;/p&gt;\n&lt;p&gt;·        your infographic (content, English, creativity, interactive element)&lt;/p&gt;\n&lt;p&gt;·        your musical video&lt;/p&gt;\n&lt;p&gt;·        participation and teamwork&lt;/p&gt;\n&lt;p&gt; Rubrics&lt;br /&gt;Infographic Rubric (20 points)&lt;/p&gt;\n&lt;p&gt;Item&lt;br /&gt;Excellent (5)&lt;br /&gt;Good (4)&lt;br /&gt;OK (3)&lt;br /&gt;Needs help (1–2)&lt;br /&gt;Content&lt;br /&gt;Complete + correct&lt;br /&gt;Mostly correct&lt;br /&gt;Some errors&lt;br /&gt;Many errors&lt;br /&gt;English use&lt;br /&gt;Clear + correct&lt;br /&gt;Few mistakes&lt;br /&gt;Several mistakes&lt;br /&gt;Hard to understand&lt;br /&gt;Design&lt;br /&gt;Creative, organized&lt;br /&gt;Clear&lt;br /&gt;Basic&lt;br /&gt;Not organized&lt;br /&gt;Interactive element&lt;br /&gt;Works perfectly&lt;br /&gt;Works&lt;br /&gt;Basic&lt;br /&gt;Missing&lt;br /&gt; &lt;br /&gt;Nodo 9 – Accessibility &amp; Inclusion (DUA)&lt;br /&gt;✔ Texts read aloud&lt;br /&gt;✔ Visual support (images, icons)&lt;br /&gt;✔ Choice between 2 tools (Canva o Genially)&lt;br /&gt;✔ Sentence starters in English (I like…, We celebrate…, It happens in…)&lt;br /&gt;✔ Extra time for tasks&lt;/p&gt;\n&lt;p&gt; &lt;br /&gt; Nodo 10 – Attribution &amp; Download&lt;br /&gt;Author: María de los Desamparados Rodríguez Ramón&lt;br /&gt;License: CC BY-SA 4.0&lt;br /&gt;Download this resource (.elp)&lt;/p&gt;","textFeedbackInput":"Mostrar retroalimentación","textFeedbackTextarea":""}</jsonProperties><odeComponentsOrder>1</odeComponentsOrder><odeComponentsProperties><odeComponentsProperty><key>visibility</key><value>true</value></odeComponentsProperty><odeComponentsProperty><key>teacherOnly</key><value>false</value></odeComponentsProperty><odeComponentsProperty><key>identifier</key><value/></odeComponentsProperty><odeComponentsProperty><key>cssClass</key><value/></odeComponentsProperty></odeComponentsProperties></odeComponent></odeComponents></odePagStructure></odePagStructures></odeNavStructure></odeNavStructures></ode>
